model,lead,steepness_weight,continuity_weight,bounds_weight,mape_mean,mape_std,mae_mean,mae_std,rmse_mean,rmse_std,bias_mean,bias_std
pinn_wind,6,0.02,0.0,0.01,5.922140175981435,0.18578223978167477,0.12839061401544077,0.003762867785786988,0.20268198977267118,0.0057587186610476935,-0.0286625085498697,0.019345296793360264
pinn_wind,12,0.02,0.0,0.01,11.7441330434627,0.49805614423169997,0.2605528011437385,0.011195305078836131,0.3916776602343564,0.016659953269113726,-0.07221229069976395,0.03846710502415102
pinn_wind,18,0.2,0.05,0.01,15.293062114127219,0.25648061984394654,0.3487254589315384,0.0058674681452506195,0.528686942408407,0.01245725188294236,-0.12144324733044512,0.042689818729235836
pinn_wind,24,0.1,0.02,0.01,16.50731498094552,0.4295045458421786,0.3895975267053932,0.011367441564430624,0.6207400453647574,0.01768055467624792,-0.17025725059611824,0.04425807169598323
