model,lead,steepness_weight,continuity_weight,bounds_weight,mape_mean,mape_std,mae_mean,mae_std,rmse_mean,rmse_std,bias_mean,bias_std
pinn_wind,6,0.2,0.05,0.01,12.901621504337715,0.1216275645350189,0.12003299503797485,0.0026021431635910868,0.16315859749608858,0.0044772725398483145,-0.0441400410146803,0.018729765863598518
pinn_wind,12,0.05,0.01,0.01,17.791410681853232,0.25895214311773035,0.16786679454468273,0.0038552054628622698,0.2293515831587818,0.004839254018414666,-0.07535216841566307,0.015797236658269785
pinn_wind,18,0.1,0.02,0.01,21.060125776181287,0.2379269531704043,0.19960418940391592,0.004642585097326741,0.27477177077682413,0.00725040853481366,-0.10083711235433497,0.020492530608103503
pinn_wind,24,0.2,0.05,0.01,23.440729937155147,0.2932787599003488,0.2198182896500634,0.005474537273327939,0.2980041260194465,0.007467655171542837,-0.10901554625841878,0.015711978464276022
